{"means": [14.17126694277107, 56.94122778614466, 1.7154378765060245, 4.626481174698793, 0.7646385542168678, 2.4987567771084316, 1.08172703313253, 1.236748117469879, 4.938550828313255, 0.4366404367469877, 0.08392959337349389, 0.3467488704819279, 0.059909262048192746, 0.2521174698795179, 0.7338124999999999, 0.20060918674698786, 2.0990173192771064, 0.811824548192771, 0.2859115210843373, 0.27016378012048203, 0.14513817771084325, 0.47605120481927704, 0.08596573795180723, 0.1476129518072289, 0.4277417168674699, 0.1424088855421687, 0.7933512801204816, 0.1126856174698795, 0.014367846385542171, 0.10543524096385538, 0.44349736445783144, 0.04371009036144578, 0.021121987951807225, 0.3818659638554216, 0.6123456325301206, 1.3016234939759035, 0.6117375753012048, 0.1515173192771084, 0.04665361445783132, 0.029534638554216862, 0.019283132530120484, 0.03477710843373494, 0.030625376506024093, 0.01001280120481928, 0.057204442771084336, 0.06998192771084334, 0.0013253012048192769, 0.0533023343373494, 0.044574548192771096, 0.007781249999999999, 0.018405120481927707, 2.2834529367469214, 5.152018924287903], "stds": [9.508583507510348, 12.665179535080238, 4.338015077076735, 6.508397663637681, 2.456799271464466, 4.081782143500219, 2.6935538679568225, 3.3572354390224834, 9.174483913955765, 1.8444853313888738, 0.641466524758436, 1.6081677208133847, 0.7422444496426428, 1.0433735486824323, 3.953861521895055, 1.6693423997443257, 5.878186851110853, 3.3016869094904986, 1.5230539021251992, 2.091740823567205, 0.7894704101774097, 2.452852194517496, 1.0066178982990241, 1.5559048443876247, 2.32221126993841, 1.046437891070603, 6.555745118824641, 0.7999977873064085, 0.2274629098832151, 1.2249759972837972, 4.211068912885392, 0.42202702619146215, 0.2713234013617611, 3.7172300207074147, 3.14221296679655, 9.469281580273579, 6.2892984683619, 1.0974784214624007, 0.7023775800137133, 0.5229433801449016, 0.4686924292668944, 0.6145120618976966, 0.5796057170939468, 0.20473590684052653, 0.7963896357768033, 0.6185012488078585, 0.038202044589681856, 0.9279547090678391, 0.7252461119353927, 0.16715766986199018, 0.36511028805634455, 2.4584673179319774, 1.8572485359032394]}